stage,rank,logistic_weight,random_forest_weight,gradient_boosting_weight,log_loss,top1,ece,selected,search_skipped,skip_reason
coarse,1,0.0,0.2,0.8,0.0472271453558583,0.98475,0.008535926744920382,False,False,
coarse,2,0.0,0.25,0.75,0.04727379342952695,0.98575,0.010548708376336449,False,False,
coarse,3,0.0,0.15000000000000002,0.8500000000000001,0.047572643905002154,0.984625,0.006656162289710809,False,False,
coarse,4,0.0,0.30000000000000004,0.7000000000000001,0.04760344943433613,0.98625,0.01214461972827812,False,False,
coarse,5,0.05,0.15000000000000002,0.8,0.04801964950083735,0.985125,0.010519269915793059,False,False,
coarse,6,0.0,0.35000000000000003,0.65,0.04815422310044405,0.986625,0.014910138548964695,False,False,
coarse,7,0.05,0.2,0.75,0.048162397444334676,0.986,0.013134370968813903,False,False,
coarse,8,0.05,0.1,0.8500000000000001,0.048234355057930084,0.984875,0.008897738669570096,False,False,
coarse,9,0.0,0.1,0.9,0.04853297088516448,0.984,0.004582888866747797,False,False,
coarse,10,0.05,0.25,0.7000000000000001,0.04856432974475529,0.986625,0.01493298957205597,False,False,
coarse,11,0.0,0.4,0.6000000000000001,0.04888788505973618,0.9875,0.016648364380131515,False,False,
coarse,12,0.05,0.05,0.9,0.04901058391353877,0.984125,0.007270597792576126,False,False,
coarse,13,0.05,0.30000000000000004,0.65,0.04916993028614795,0.987125,0.017325991519511745,False,False,
coarse,14,0.1,0.1,0.8,0.04956486959039521,0.985,0.013130621317331113,False,False,
coarse,15,0.1,0.15000000000000002,0.75,0.04971379040808339,0.986125,0.015553991422083533,False,False,
coarse,16,0.0,0.45,0.55,0.049779611916181486,0.988125,0.0188641214606608,False,False,
coarse,17,0.1,0.05,0.8500000000000001,0.049783973507546625,0.98475,0.011145372581634862,False,False,
coarse,18,0.05,0.35000000000000003,0.6000000000000001,0.04994490004952447,0.9875,0.019336376715346076,False,False,
coarse,19,0.1,0.2,0.7000000000000001,0.050121755367959604,0.986875,0.01754768579725079,False,False,
coarse,20,0.1,0.0,0.9,0.050677477233469465,0.98425,0.008861871212730466,False,False,
coarse,21,0.0,0.05,0.9500000000000001,0.05071304419695361,0.98375,0.003078250176557801,False,False,
coarse,22,0.1,0.25,0.65,0.05073074322645086,0.98725,0.019751145798583905,False,False,
coarse,23,0.0,0.5,0.5,0.050812921016014374,0.988375,0.020661897405807653,False,False,
coarse,24,0.05,0.4,0.55,0.05086692804470998,0.988125,0.02130690210389545,False,False,
coarse,25,0.05,0.0,0.9500000000000001,0.05098620507004889,0.983875,0.005684767413605062,False,False,
coarse,26,0.15000000000000002,0.05,0.8,0.05138695674762903,0.98525,0.01517081300771519,False,False,
coarse,27,0.1,0.30000000000000004,0.6000000000000001,0.05150575472788873,0.987375,0.02240293772575739,False,False,
coarse,28,0.15000000000000002,0.1,0.75,0.0515082716592875,0.986125,0.017487764537255975,False,False,
coarse,29,0.15000000000000002,0.0,0.8500000000000001,0.05173608797976265,0.985125,0.01387967155134871,False,False,
coarse,30,0.15000000000000002,0.15000000000000002,0.7000000000000001,0.05190321003794397,0.986875,0.020210029333135895,False,False,
coarse,31,0.05,0.45,0.5,0.05192115750023968,0.988625,0.02335659439862732,False,False,
coarse,32,0.0,0.55,0.45,0.05197694990006786,0.988375,0.022186341261682313,False,False,
coarse,33,0.1,0.35000000000000003,0.55,0.05242426518913177,0.988375,0.02398704107835232,False,False,
coarse,34,0.15000000000000002,0.2,0.65,0.05250260407136932,0.987,0.02298560452850727,False,False,
coarse,35,0.05,0.5,0.45,0.05309775255655001,0.98875,0.02508182141782895,False,False,
coarse,36,0.0,0.6000000000000001,0.4,0.05326492398653673,0.9885,0.02386042996367752,False,False,
coarse,37,0.15000000000000002,0.25,0.6000000000000001,0.05326811804229882,0.9875,0.024928047153000267,False,False,
coarse,38,0.1,0.4,0.5,0.05347131643656543,0.988625,0.02579144926113825,False,False,
coarse,39,0.2,0.05,0.75,0.05348734888915274,0.986375,0.02024566547517989,False,False,
coarse,40,0.2,0.0,0.8,0.053491951637379714,0.985625,0.01824052780583421,False,False,
coarse,41,0.2,0.1,0.7000000000000001,0.053846817407921396,0.9875,0.02362683146804072,False,False,
coarse,42,0.15000000000000002,0.30000000000000004,0.55,0.054175869029962194,0.988375,0.026400219312859373,False,False,
coarse,43,0.05,0.55,0.4,0.0543905226097724,0.989125,0.026882837455014887,False,False,
coarse,44,0.2,0.15000000000000002,0.65,0.054425522054982786,0.987625,0.02521173702246322,False,False,
coarse,45,0.1,0.45,0.45,0.05463695435417416,0.98925,0.0279481495460259,False,False,
coarse,46,0.0,0.65,0.35000000000000003,0.054673293149459026,0.9885,0.025238822443702146,False,False,
coarse,47,0.2,0.2,0.6000000000000001,0.05517468823109986,0.987875,0.02746127894502143,False,False,
coarse,48,0.15000000000000002,0.35000000000000003,0.5,0.055210204697321276,0.989125,0.028715720006029365,False,False,
coarse,49,0.25,0.0,0.75,0.055697906860990076,0.986625,0.02289143965373761,False,False,
coarse,50,0.05,0.6000000000000001,0.35000000000000003,0.05579613739869582,0.9895,0.028707777872186434,False,False,
coarse,51,0.1,0.5,0.4,0.05591479755587921,0.989625,0.02989407514423876,False,False,
coarse,52,0.25,0.05,0.7000000000000001,0.05593855900149443,0.987375,0.025642373184755846,False,False,
coarse,53,0.2,0.25,0.55,0.05606708551112062,0.98875,0.02923014270740361,False,False,
coarse,54,0.0,0.7000000000000001,0.30000000000000004,0.0562012940087264,0.988875,0.027016777949666605,False,False,
coarse,55,0.15000000000000002,0.4,0.45,0.05636071899400299,0.9895,0.030618684008312226,False,False,
coarse,56,0.25,0.1,0.65,0.056478643778485625,0.987625,0.02792870127743495,False,False,
coarse,57,0.2,0.30000000000000004,0.5,0.05708557693442532,0.9895,0.031620885708173334,False,False,
coarse,58,0.25,0.15000000000000002,0.6000000000000001,0.057203387730669804,0.988,0.030074509952111254,False,False,
coarse,59,0.1,0.55,0.35000000000000003,0.05730121699150139,0.989875,0.03152308197904392,False,False,
coarse,60,0.05,0.65,0.30000000000000004,0.0573137119621423,0.98975,0.03036080755566332,False,False,
coarse,61,0.15000000000000002,0.45,0.4,0.0576206513500526,0.99025,0.032866431812418904,False,False,
coarse,62,0.0,0.75,0.25,0.05785083552637731,0.989125,0.028636728509559173,False,False,
coarse,63,0.25,0.2,0.55,0.05807588732245731,0.98875,0.03159756464646611,False,False,
coarse,64,0.2,0.35000000000000003,0.45,0.05821892966521815,0.99,0.03351107727685865,False,False,
coarse,65,0.30000000000000004,0.0,0.7000000000000001,0.058232519488036275,0.987375,0.027968211357061797,False,False,
coarse,66,0.30000000000000004,0.05,0.65,0.05866112080689192,0.98775,0.030322836428370047,False,False,
coarse,67,0.1,0.6000000000000001,0.30000000000000004,0.05879488415142765,0.98975,0.032816535352378905,False,False,
coarse,68,0.05,0.7000000000000001,0.25,0.05894466237497187,0.989375,0.031370408064255985,False,False,
coarse,69,0.15000000000000002,0.5,0.35000000000000003,0.0589859816355076,0.99025,0.03432486282867533,False,False,
coarse,70,0.25,0.25,0.5,0.05907579977257527,0.98975,0.03416415250284353,False,False,
coarse,71,0.30000000000000004,0.1,0.6000000000000001,0.05934600964889052,0.988125,0.03239609291672485,False,False,
coarse,72,0.2,0.4,0.4,0.0594598142573903,0.99025,0.03526416386221536,False,False,
coarse,73,0.0,0.8,0.2,0.059626701998455815,0.989125,0.02995358616499013,False,False,
coarse,74,0.25,0.30000000000000004,0.45,0.06019041105295645,0.990125,0.03599869657934693,False,False,
coarse,75,0.30000000000000004,0.15000000000000002,0.55,0.060192102247800444,0.989125,0.03440290102436415,False,False,
coarse,76,0.0,0.0,1.0,0.06031990271589085,0.983625,0.0016292994275574888,False,False,
coarse,77,0.1,0.65,0.25,0.06039657476052912,0.989625,0.03408032433745077,False,False,
coarse,78,0.15000000000000002,0.55,0.30000000000000004,0.06045492197215573,0.990375,0.03594072624518822,False,False,
coarse,79,0.05,0.75,0.2,0.06069280989843143,0.9895,0.03283232875984335,False,False,
coarse,80,0.2,0.45,0.35000000000000003,0.06080373135176208,0.99025,0.0372097175208431,False,False,
coarse,81,0.35000000000000003,0.0,0.65,0.06102675334098559,0.98775,0.03236717090557291,False,False,
coarse,82,0.30000000000000004,0.2,0.5,0.061170068932053234,0.98975,0.036459031682520564,False,False,
coarse,83,0.25,0.35000000000000003,0.4,0.061411529992696556,0.990625,0.0381297652669776,False,False,
coarse,84,0.0,0.8500000000000001,0.15000000000000002,0.06153717965404501,0.98875,0.030831835984188344,False,False,
coarse,85,0.35000000000000003,0.05,0.6000000000000001,0.06160702264826049,0.9885,0.03439586899185445,False,False,
coarse,86,0.15000000000000002,0.6000000000000001,0.25,0.06202766711593049,0.99,0.03741923047654403,False,False,
coarse,87,0.1,0.7000000000000001,0.2,0.06210918810984711,0.99025,0.036056914278652,False,False,
coarse,88,0.2,0.5,0.30000000000000004,0.06224841458521087,0.9905,0.03871739604544802,False,False,
coarse,89,0.30000000000000004,0.25,0.45,0.062264153526171415,0.99025,0.038677149450523196,False,False,
coarse,90,0.35000000000000003,0.1,0.55,0.06241292263855435,0.98975,0.03724554886596107,False,False,
coarse,91,0.05,0.8,0.15000000000000002,0.06256478666235864,0.989,0.033601465233647376,False,False,
coarse,92,0.25,0.4,0.35000000000000003,0.06273404297252236,0.990875,0.040342689556335576,False,False,
coarse,93,0.35000000000000003,0.15000000000000002,0.5,0.06336339437483364,0.990125,0.03931498690262175,False,False,
coarse,94,0.30000000000000004,0.30000000000000004,0.4,0.0634647229773678,0.99075,0.041071304929632964,False,False,
coarse,95,0.0,0.9,0.1,0.06359544267406973,0.987375,0.03065619684472345,False,False,
coarse,96,0.15000000000000002,0.65,0.2,0.06370634574102087,0.99075,0.03900881525109662,False,False,
coarse,97,0.2,0.55,0.25,0.06379351842405874,0.990875,0.040304850145558214,False,False,
coarse,98,0.1,0.75,0.15000000000000002,0.0639380017051518,0.989625,0.03672435292692798,False,False,
coarse,99,0.4,0.0,0.6000000000000001,0.06403783258660391,0.988625,0.0368057629224446,False,False,
coarse,100,0.25,0.45,0.30000000000000004,0.06415515639420087,0.991,0.04143891347783402,False,False,
coarse,101,0.35000000000000003,0.2,0.45,0.06443429423301854,0.990875,0.04151996864159582,False,False,
coarse,102,0.05,0.8500000000000001,0.1,0.06457092454980974,0.989,0.03482965305865056,False,False,
coarse,103,0.4,0.05,0.55,0.06474534783931227,0.989625,0.03942693270897175,False,False,
coarse,104,0.30000000000000004,0.35000000000000003,0.35000000000000003,0.06476579970567835,0.99125,0.042470272809688604,False,False,
coarse,105,0.2,0.6000000000000001,0.2,0.06544050803804546,0.991,0.041695661496907614,False,False,
coarse,106,0.15000000000000002,0.7000000000000001,0.15000000000000002,0.06549516928457151,0.990375,0.03993929410624631,False,False,
coarse,107,0.35000000000000003,0.25,0.4,0.06561310162670744,0.991125,0.04374004129362582,False,False,
coarse,108,0.4,0.1,0.5,0.06565574850572077,0.9905,0.041863354287798374,False,False,
coarse,109,0.25,0.5,0.25,0.06567399621880339,0.9915,0.043231651767014434,False,False,
coarse,110,0.0,0.9500000000000001,0.05,0.06582275121069883,0.986875,0.031279426859560755,False,False,
coarse,111,0.1,0.8,0.1,0.06589126261544927,0.989625,0.03796379384885273,False,False,
coarse,112,0.30000000000000004,0.4,0.30000000000000004,0.0661639568370796,0.991625,0.044304275748759864,False,False,
coarse,113,0.4,0.15000000000000002,0.45,0.06669857229409314,0.991,0.04388717897366112,False,False,
coarse,114,0.05,0.9,0.05,0.06672714366081998,0.987375,0.03436028588994725,False,False,
coarse,115,0.35000000000000003,0.30000000000000004,0.35000000000000003,0.06689244427901649,0.9915,0.04527516121178052,False,False,
coarse,116,0.2,0.65,0.15000000000000002,0.06719272773898809,0.991,0.04300566894310931,False,False,
coarse,117,0.45,0.0,0.55,0.06723785121279699,0.990125,0.04220026977202979,False,False,
coarse,118,0.25,0.55,0.2,0.06729143211264818,0.991625,0.044720095165803456,False,False,
coarse,119,0.15000000000000002,0.75,0.1,0.06740083407839374,0.990625,0.041441140677297095,False,False,
coarse,120,0.30000000000000004,0.45,0.25,0.06765776518733803,0.992,0.046091899008766785,False,False,
coarse,121,0.4,0.2,0.4,0.06785343653978358,0.991125,0.0462383596164726,False,False,
coarse,122,0.1,0.8500000000000001,0.05,0.0679813946868997,0.988875,0.0384074846196903,False,False,
coarse,123,0.45,0.05,0.5,0.06805547669101619,0.9905,0.044210014210390385,False,False,
coarse,124,0.0,1.0,0.0,0.06825799440817037,0.98575,0.03122375654310301,False,False,
coarse,125,0.35000000000000003,0.35000000000000003,0.30000000000000004,0.06826804019782938,0.9925,0.04756775801993578,False,False,
coarse,126,0.25,0.6000000000000001,0.15000000000000002,0.06901007740749603,0.991625,0.04604688975141808,False,False,
coarse,127,0.2,0.7000000000000001,0.1,0.06905567433621206,0.99075,0.04401471920264562,False,False,
coarse,128,0.45,0.1,0.45,0.0690586001268248,0.990875,0.04621659425729581,False,False,
coarse,129,0.05,0.9500000000000001,0.0,0.06905960594837164,0.987,0.03507845033560782,False,False,
coarse,130,0.4,0.25,0.35000000000000003,0.06911022045858278,0.9915,0.048066779170846216,False,False,
coarse,131,0.30000000000000004,0.5,0.2,0.06924753024631569,0.992,0.04746288023015928,False,False,
coarse,132,0.15000000000000002,0.8,0.05,0.06943333872749868,0.99025,0.04227721967355286,False,False,
coarse,133,0.35000000000000003,0.4,0.25,0.06973781821488112,0.99275,0.04922526846688594,False,False,
coarse,134,0.45,0.15000000000000002,0.4,0.0701851178206439,0.9915,0.048233042482851235,False,False,
coarse,135,0.1,0.9,0.0,0.07022764415987738,0.988,0.03864872454490878,False,False,
coarse,136,0.4,0.30000000000000004,0.30000000000000004,0.07046329345589863,0.99225,0.049772018948721936,False,False,
coarse,137,0.5,0.0,0.5,0.0706081306503184,0.990375,0.04626964492139113,False,False,
coarse,138,0.25,0.65,0.1,0.07083446795116513,0.9915,0.04719141047202963,False,False,
coarse,139,0.30000000000000004,0.55,0.15000000000000002,0.07093522326591961,0.992375,0.04920234971482142,False,False,
coarse,140,0.2,0.75,0.05,0.07103757345108422,0.990625,0.04511073290407848,False,False,
coarse,141,0.35000000000000003,0.45,0.2,0.07130150905075291,0.992875,0.05072629424062777,False,False,
coarse,142,0.45,0.2,0.35000000000000003,0.0714175115266211,0.9915,0.049822278896361386,False,False,
coarse,143,0.5,0.05,0.45,0.07152351733310053,0.990875,0.04829162129521623,False,False,
coarse,144,0.15000000000000002,0.8500000000000001,0.0,0.07160765301087314,0.989,0.042175742588718874,False,False,
coarse,145,0.4,0.35000000000000003,0.25,0.07190974134814224,0.9925,0.05130261209166553,False,False,
coarse,146,0.5,0.1,0.4,0.07261084861347754,0.99125,0.050486416329758796,False,False,
coarse,147,0.30000000000000004,0.6000000000000001,0.1,0.07272458329540232,0.992,0.05009420134460155,False,False,
coarse,148,0.45,0.25,0.30000000000000004,0.07274752585194105,0.992125,0.05195480807873461,False,False,
coarse,149,0.25,0.7000000000000001,0.05,0.07277147894331627,0.991625,0.04853321986384741,False,False,
coarse,150,0.35000000000000003,0.5,0.15000000000000002,0.07296048977780431,0.992625,0.05180943495231445,False,False,
coarse,151,0.2,0.8,0.0,0.07315051433521695,0.990375,0.04603671969306577,False,False,
coarse,152,0.4,0.4,0.2,0.07344864846977808,0.993,0.053050211535786276,False,False,
coarse,153,0.5,0.15000000000000002,0.35000000000000003,0.07381483322874993,0.99225,0.05266430947506907,False,False,
coarse,154,0.55,0.0,0.45,0.07413617755451628,0.991,0.05064641233522919,False,False,
coarse,155,0.45,0.30000000000000004,0.25,0.07417094068217157,0.993,0.05394079923401644,False,False,
coarse,156,0.30000000000000004,0.65,0.05,0.074621420979295,0.992,0.0512883349874159,False,False,
coarse,157,0.35000000000000003,0.55,0.1,0.07471781293002719,0.992625,0.05315996763574987,False,False,
coarse,158,0.25,0.75,0.0,0.07483114107130759,0.991625,0.04971769002102559,False,False,
coarse,159,0.4,0.45,0.15000000000000002,0.07508080160011485,0.992875,0.05426729386941774,False,False,
coarse,160,0.5,0.2,0.30000000000000004,0.07512023311533826,0.992875,0.05475128755963013,False,False,
coarse,161,0.55,0.05,0.4,0.07514030592603355,0.991375,0.052638117979178785,False,False,
coarse,162,0.45,0.35000000000000003,0.2,0.07568601047379532,0.992625,0.05500517019651109,False,False,
coarse,163,0.55,0.1,0.35000000000000003,0.07630570854865164,0.992125,0.05490509269520938,False,False,
coarse,164,0.5,0.25,0.25,0.07652031415207226,0.992875,0.05620447865016319,False,False,
coarse,165,0.35000000000000003,0.6000000000000001,0.05,0.07657842275418801,0.992625,0.054322426966804296,False,False,
coarse,166,0.30000000000000004,0.7000000000000001,0.0,0.07663423087965049,0.991625,0.05210403359094992,False,False,
coarse,167,0.4,0.5,0.1,0.07680863231758157,0.993,0.05567979870104443,False,False,
coarse,168,0.45,0.4,0.15000000000000002,0.07729287438616729,0.993,0.056644466514478214,False,False,
coarse,169,0.55,0.15000000000000002,0.30000000000000004,0.07758279374237792,0.9925,0.05666034737162046,False,False,
coarse,170,0.6000000000000001,0.0,0.4,0.07781396098543213,0.991625,0.054943555988252804,False,False,
coarse,171,0.5,0.30000000000000004,0.2,0.0780120648997457,0.99275,0.05737099370502468,False,False,
coarse,172,0.35000000000000003,0.65,0.0,0.07854962894989644,0.992,0.054831203956867684,False,False,
coarse,173,0.4,0.55,0.05,0.07863635535975717,0.992875,0.056880841347525024,False,False,
coarse,174,0.6000000000000001,0.05,0.35000000000000003,0.07890025647572535,0.99225,0.05727940638707407,False,False,
coarse,175,0.55,0.2,0.25,0.07895821860624883,0.992875,0.05832543223701381,False,False,
coarse,176,0.45,0.45,0.1,0.07899336292317737,0.993,0.05802231354120979,False,False,
coarse,177,0.5,0.35000000000000003,0.15000000000000002,0.0795948101981646,0.993,0.0589517080246208,False,False,
coarse,178,0.6000000000000001,0.1,0.30000000000000004,0.08013943363982882,0.9925,0.058911419519195735,False,False,
coarse,179,0.55,0.25,0.2,0.08042655934169005,0.9925,0.05940397321839866,False,False,
coarse,180,0.4,0.6000000000000001,0.0,0.08057034149843845,0.992375,0.057538038895877996,False,False,
coarse,181,0.45,0.5,0.05,0.08079104980010846,0.993,0.059273995403734264,False,False,
coarse,182,0.5,0.4,0.1,0.08126973840105883,0.99325,0.06051111270475806,False,False,
coarse,183,0.6000000000000001,0.15000000000000002,0.25,0.08148677897614837,0.992625,0.06041385155309804,False,False,
coarse,184,0.65,0.0,0.35000000000000003,0.08163693508469068,0.99225,0.05919686764368855,False,False,
coarse,185,0.55,0.30000000000000004,0.15000000000000002,0.0819859161644215,0.99325,0.06141890847680699,False,False,
coarse,186,0.45,0.55,0.0,0.08269154316990841,0.992625,0.0600803834241522,False,False,
coarse,187,0.65,0.05,0.30000000000000004,0.08280072693913956,0.992625,0.061049659414998125,False,False,
coarse,188,0.6000000000000001,0.2,0.2,0.08293060129741528,0.992625,0.06162465954734324,False,False,
coarse,189,0.5,0.45,0.05,0.08303982411470075,0.992875,0.06140321800036472,False,False,
coarse,190,0.55,0.35000000000000003,0.1,0.08363668782381119,0.993125,0.06260391477430265,False,False,
coarse,191,0.65,0.1,0.25,0.0841109116378876,0.99275,0.06254736740852895,False,False,
coarse,192,0.6000000000000001,0.25,0.15000000000000002,0.08446668768416928,0.99275,0.06317103113620177,False,False,
coarse,193,0.5,0.5,0.0,0.08491003858479966,0.992875,0.062587513348029,False,False,
coarse,194,0.55,0.4,0.05,0.08538123261115273,0.993125,0.0638835996668034,False,False,
coarse,195,0.65,0.15000000000000002,0.2,0.08552704696799698,0.992875,0.06402310493494891,False,False,
coarse,196,0.7000000000000001,0.0,0.30000000000000004,0.08560354371181286,0.9925,0.06303560988631504,False,False,
coarse,197,0.6000000000000001,0.30000000000000004,0.1,0.08609426547401451,0.992875,0.06448611746617036,False,False,
coarse,198,0.7000000000000001,0.05,0.25,0.08684175601785625,0.9925,0.06440420973556765,False,False,
coarse,199,0.65,0.2,0.15000000000000002,0.08703897267327364,0.992625,0.06519399257946637,False,False,
coarse,200,0.55,0.45,0.0,0.08722396718457442,0.992625,0.06457334669941132,False,False,
coarse,201,0.6000000000000001,0.35000000000000003,0.05,0.08781495868254963,0.992625,0.06552134925014601,False,False,
coarse,202,0.7000000000000001,0.1,0.2,0.08822158479161345,0.9925,0.06570222665336983,False,False,
coarse,203,0.65,0.25,0.1,0.08864371576882768,0.992375,0.06636957352653663,False,False,
coarse,204,0.6000000000000001,0.4,0.0,0.08963266214251976,0.993,0.06715780195991795,False,False,
coarse,205,0.7000000000000001,0.15000000000000002,0.15000000000000002,0.08970643769358434,0.992375,0.06706239965594471,False,False,
coarse,206,0.75,0.0,0.25,0.08971511121027045,0.992625,0.06656810611801926,False,False,
coarse,207,0.65,0.30000000000000004,0.05,0.09034182692274774,0.992375,0.06762233005802074,False,False,
coarse,208,0.75,0.05,0.2,0.09102614871775157,0.9925,0.06780379915466177,False,False,
coarse,209,0.7000000000000001,0.2,0.1,0.09128771710975063,0.992125,0.06803929749179374,False,False,
coarse,210,0.65,0.35000000000000003,0.0,0.09213663050129348,0.9925,0.06882965298798113,False,False,
coarse,211,0.75,0.1,0.15000000000000002,0.0924757424464976,0.99225,0.06890139706007428,False,False,
coarse,212,0.7000000000000001,0.25,0.05,0.09296395031593231,0.992,0.0692095791093737,False,False,
coarse,213,0.8,0.0,0.2,0.09397616383024028,0.99225,0.06963378691656955,False,False,
coarse,214,0.75,0.15000000000000002,0.1,0.09403095172139982,0.99225,0.07026190784804008,False,False,
coarse,215,0.7000000000000001,0.30000000000000004,0.0,0.0947376591482685,0.992,0.07048274509600139,False,False,
coarse,216,0.8,0.05,0.15000000000000002,0.09536003706354655,0.991875,0.07081509949280787,False,False,
coarse,217,0.75,0.2,0.05,0.09568508346076773,0.99175,0.07131592376174833,False,False,
coarse,218,0.8,0.1,0.1,0.09688144941623608,0.992,0.07233815532849842,False,False,
coarse,219,0.75,0.25,0.0,0.09743909436271572,0.991375,0.07221313306032898,False,False,
coarse,220,0.8500000000000001,0.0,0.15000000000000002,0.0983954592882357,0.9915,0.0724200248316764,False,False,
coarse,221,0.8,0.15000000000000002,0.05,0.09851137558647342,0.991625,0.07327010367518318,False,False,
coarse,222,0.8500000000000001,0.05,0.1,0.09985438957771064,0.991375,0.07368651739715375,False,False,
coarse,223,0.8,0.2,0.0,0.10024642401048899,0.990875,0.07386671311355153,False,False,
coarse,224,0.8500000000000001,0.1,0.05,0.10145308400215143,0.991125,0.0747413665378561,False,False,
coarse,225,0.9,0.0,0.1,0.10298868480707887,0.9905,0.07475706771421778,False,False,
coarse,226,0.8500000000000001,0.15000000000000002,0.0,0.10316849809138245,0.990375,0.07526366837251745,False,False,
coarse,227,0.9,0.05,0.05,0.1045292708903014,0.99025,0.07580596748559018,False,False,
coarse,228,0.9,0.1,0.0,0.1062203817267286,0.989625,0.07644974180816336,False,False,
coarse,229,0.9500000000000001,0.0,0.05,0.10778689252830286,0.989375,0.07683891970121763,False,False,
coarse,230,0.9500000000000001,0.05,0.0,0.10943161510478568,0.98925,0.07805442962421026,False,False,
coarse,231,1.0,0.0,0.0,0.1128830429669759,0.988375,0.07905534137478841,False,False,
fine,1,0.01,0.2,0.79,0.04719817160313072,0.984875,0.009254135242440842,True,False,
fine,2,0.01,0.19,0.8,0.04720493308104668,0.984875,0.008990862989439309,False,False,
fine,3,0.01,0.21,0.78,0.04720503227618244,0.985,0.009442669807470853,False,False,
fine,4,0.0,0.22,0.78,0.04720635991023671,0.984875,0.009187615757680111,False,False,
fine,5,0.0,0.21,0.79,0.04720959359940865,0.984875,0.008623527890625225,False,False,
fine,6,0.0,0.23,0.77,0.04721651493122102,0.985125,0.008956563618731175,False,False,
fine,7,0.01,0.22,0.77,0.047224650992319754,0.985125,0.009634122007579448,False,False,
fine,8,0.01,0.18,0.81,0.04722629711887071,0.984875,0.008625347313693747,False,False,
fine,9,0.0,0.2,0.8,0.0472271453558583,0.98475,0.008535926744920382,False,False,
fine,10,0.0,0.24,0.76,0.04723923643705271,0.985375,0.009692991372367891,False,False,
fine,11,0.01,0.23,0.76,0.047256262126638186,0.985375,0.010097204206352087,False,False,
fine,12,0.0,0.19,0.81,0.04726007130271981,0.98475,0.008148529192404684,False,False,
fine,13,0.01,0.17,0.8200000000000001,0.04726338259208399,0.984875,0.008533789589127656,False,False,
fine,14,0.0,0.25,0.75,0.04727379342952695,0.98575,0.010548708376336449,False,False,
fine,15,0.01,0.24,0.75,0.04729918407248553,0.98575,0.010902021949426195,False,False,
fine,16,0.0,0.18,0.8200000000000001,0.04730957881044855,0.984875,0.007958373846327063,False,False,
fine,17,0.01,0.16,0.8300000000000001,0.047317474716207224,0.984875,0.00816827440516867,False,False,
fine,18,0.0,0.26,0.74,0.04731953313614494,0.985875,0.01080115282275481,False,False,
fine,19,0.02,0.19,0.79,0.04733255151851309,0.985,0.009857557883832059,False,False,
fine,20,0.02,0.18,0.8,0.04733467606561318,0.984875,0.009842960451249022,False,False,
fine,21,0.02,0.2,0.78,0.04734379232654538,0.985125,0.01004724805403906,False,False,
fine,22,0.02,0.17,0.81,0.04735112517718339,0.984875,0.009200835955682116,False,False,
fine,23,0.01,0.25,0.74,0.04735280739334907,0.985875,0.011153909110703346,False,False,
fine,24,0.02,0.21,0.77,0.04736755321199524,0.985125,0.010210754029811041,False,False,
fine,25,0.0,0.27,0.73,0.047375870293168906,0.986125,0.011279079808073427,False,False,
fine,26,0.0,0.17,0.8300000000000001,0.047377057359228814,0.984875,0.007818234348706073,False,False,
fine,27,0.02,0.16,0.8200000000000001,0.04738299378762777,0.984875,0.008767151388924067,False,False,
fine,28,0.01,0.15,0.84,0.047390060520399895,0.98475,0.007521994488128231,False,False,
fine,29,0.02,0.22,0.76,0.0474030853277926,0.985375,0.010552306397287808,False,False,
fine,30,0.01,0.26,0.73,0.047416585038131724,0.986125,0.011606663434325554,False,False,
fine,31,0.02,0.15,0.8300000000000001,0.04743153999584163,0.984875,0.00857003298315994,False,False,
fine,32,0.0,0.28,0.72,0.04744227824390107,0.98625,0.011629152207678023,False,False,
fine,33,0.02,0.23,0.75,0.04744972206246721,0.98575,0.011456163363277004,False,False,
fine,34,0.0,0.16,0.84,0.04746411792193743,0.984625,0.007172558451691761,False,False,
fine,35,0.01,0.14,0.85,0.04748287459895527,0.984625,0.007306745376840677,False,False,
fine,36,0.01,0.27,0.72,0.0474900241993821,0.98625,0.012025589738156737,False,False,
fine,37,0.02,0.14,0.84,0.04749822003811566,0.98475,0.00804698948159064,False,False,
fine,38,0.02,0.24,0.74,0.04750686742137583,0.985875,0.011508925975111935,False,False,
fine,39,0.0,0.29,0.71,0.04751828149245053,0.98625,0.01175676004024185,False,False,
fine,40,0.03,0.17,0.8,0.047528462538155215,0.984875,0.010092738200653175,False,False,
fine,41,0.03,0.18,0.79,0.047529197923878434,0.985125,0.009984868667896897,False,False,
fine,42,0.03,0.16,0.81,0.04754188998010533,0.984875,0.009626677586459435,False,False,
fine,43,0.03,0.19,0.78,0.04754314609585696,0.985125,0.010300907403425147,False,False,
fine,44,0.03,0.2,0.77,0.0475694703673188,0.98525,0.010686233069603744,False,False,
fine,45,0.03,0.15,0.8200000000000001,0.047570565512117864,0.984875,0.009160740222817536,False,False,
fine,46,0.0,0.15,0.85,0.04757264390500216,0.984625,0.006656162289710809,False,False,
fine,47,0.01,0.28,0.71,0.047572679491448146,0.98625,0.012241791811478667,False,False,
fine,48,0.02,0.25,0.73,0.04757398643723686,0.986125,0.01204527034121272,False,False,
fine,49,0.02,0.13,0.85,0.04758473347461299,0.98475,0.007680789023658241,False,False,
fine,50,0.01,0.13,0.86,0.04759795900544776,0.984625,0.006716213313340821,False,False,
fine,51,0.0,0.3,0.7000000000000001,0.047603449434336136,0.98625,0.012144619728278119,False,False,
fine,52,0.03,0.21,0.76,0.04760742988245489,0.9855,0.011257397054708247,False,False,
fine,53,0.03,0.14,0.8300000000000001,0.04761573721450042,0.984875,0.009045658032741492,False,False,
fine,54,0.02,0.26,0.72,0.04765059719494381,0.98625,0.012508081442417808,False,False,
fine,55,0.03,0.22,0.75,0.04765636542796809,0.98575,0.011934431858391542,False,False,
fine,56,0.01,0.29,0.7000000000000001,0.04766414719781748,0.98625,0.01287768850795195,False,False,
fine,57,0.03,0.13,0.84,0.04767885125810297,0.98475,0.008479913116328446,False,False,
fine,58,0.02,0.12,0.86,0.04769308247268374,0.98475,0.007217349770234628,False,False,
fine,59,0.0,0.14,0.86,0.047704858045348866,0.9845,0.00581354001228143,False,False,
fine,60,0.03,0.23,0.74,0.04771568783741681,0.985875,0.012087812118449056,False,False,
fine,61,0.02,0.27,0.71,0.04773626415219165,0.98625,0.012773286420108118,False,False,
fine,62,0.01,0.12,0.87,0.047737742991493894,0.984375,0.006245886521570646,False,False,
fine,63,0.04,0.16,0.8,0.047760612185660266,0.985,0.010318777583019365,False,False,
fine,64,0.03,0.12,0.85,0.047761597630520784,0.98475,0.0081293108368323,False,False,
fine,65,0.04,0.17,0.79,0.04776328607319571,0.985125,0.010335638586404697,False,False,
fine,66,0.04,0.15,0.81,0.04777200287448307,0.984875,0.009977630207674556,False,False,
fine,67,0.04,0.18,0.78,0.04777907652204675,0.985125,0.011027936845547634,False,False,
fine,68,0.03,0.24,0.73,0.04778486843356149,0.986125,0.012527723993445974,False,False,
fine,69,0.04,0.14,0.8200000000000001,0.04779854233631584,0.984875,0.00951224958404815,False,False,
fine,70,0.04,0.19,0.77,0.04780714944444701,0.98525,0.011060598743164462,False,False,
fine,71,0.02,0.11,0.87,0.04782565094334487,0.984375,0.006721402335531353,False,False,
fine,72,0.02,0.28,0.7000000000000001,0.04783059250901504,0.98625,0.013485201226366334,False,False,
fine,73,0.04,0.13,0.8300000000000001,0.04784147913658389,0.984875,0.009396430373621069,False,False,
fine,74,0.04,0.2,0.76,0.04784676689931349,0.9855,0.011534850662078638,False,False,
fine,75,0.0,0.13,0.87,0.047863411775232394,0.984375,0.005468261672864148,False,False,
fine,76,0.03,0.25,0.72,0.04786343108890112,0.98625,0.012990573146688186,False,False,
fine,77,0.03,0.11,0.86,0.04786597036896254,0.98475,0.007940524435718105,False,False,
fine,78,0.04,0.21,0.75,0.04789727273320549,0.985875,0.012110092156730142,False,False,
fine,79,0.04,0.12,0.84,0.047902262390025464,0.98475,0.009070039825356967,False,False,
fine,80,0.01,0.11,0.88,0.04790515121484859,0.98425,0.00596582469861986,False,False,
fine,81,0.03,0.26,0.71,0.047950945583020876,0.98625,0.013376835314554804,False,False,
fine,82,0.04,0.22,0.74,0.04795808087163795,0.986,0.012589933563031067,False,False,
fine,83,0.04,0.11,0.85,0.047982588905092556,0.98475,0.00857689124981234,False,False,
fine,84,0.02,0.1,0.88,0.04798531228776649,0.98425,0.006323520057551592,False,False,
fine,85,0.03,0.1,0.87,0.04799434835885145,0.984625,0.007583240167837768,False,False,
fine,86,0.05,0.15,0.8,0.04801964950083736,0.985125,0.010519269915793057,False,False,
fine,87,0.05,0.16,0.79,0.048023656007500436,0.98525,0.010873915207411359,False,False,
fine,88,0.04,0.23,0.73,0.048028665687169576,0.986125,0.013010177645672603,False,False,
fine,89,0.05,0.14,0.81,0.04802965516972743,0.985125,0.010277893254817375,False,False,
fine,90,0.05,0.17,0.78,0.0480407230486404,0.98525,0.01136555008724482,False,False,
fine,91,0.03,0.27,0.7000000000000001,0.0480470220081411,0.986375,0.013716088098674058,False,False,
fine,92,0.0,0.12,0.88,0.04805150694114559,0.98425,0.005097095561465111,False,False,
fine,93,0.05,0.13,0.8200000000000001,0.04805476310950034,0.985,0.010225700122392456,False,False,
fine,94,0.05,0.18,0.77,0.04807001448172309,0.985375,0.01185864934179327,False,False,
fine,95,0.04,0.1,0.86,0.048084465676366796,0.98475,0.008212570686109658,False,False,
fine,96,0.05,0.12,0.8300000000000001,0.04809623109647738,0.985,0.009609626433135576,False,False,
fine,97,0.01,0.1,0.89,0.04810375383875709,0.984125,0.005829602431495445,False,False,
fine,98,0.04,0.24,0.72,0.04810855401198317,0.98625,0.013359387350446882,False,False,
fine,99,0.05,0.19,0.76,0.04811079140108519,0.985625,0.012498664964709525,False,False,
fine,100,0.05,0.11,0.84,0.048155522339918704,0.984875,0.009642830203575354,False,False,
fine,101,0.05,0.2,0.75,0.048162397444334676,0.986,0.013134370968813903,False,False,
fine,102,0.04,0.25,0.71,0.04819731846522848,0.98625,0.013854235638324431,False,False,
fine,103,0.05,0.21,0.74,0.04822424684831559,0.986125,0.013364991064314295,False,False,
fine,104,0.05,0.1,0.85,0.04823435505793012,0.984875,0.008897738669570207,False,False,
fine,105,0.0,0.11,0.89,0.0482730653219727,0.984125,0.004998737940730072,False,False,
fine,106,0.04,0.26,0.7000000000000001,0.04829457184082219,0.9865,0.014283808114766205,False,False,
fine,107,0.05,0.22,0.73,0.048295814650087754,0.98625,0.013790790006561571,False,False,
fine,108,0.06,0.14,0.8,0.048299331173570464,0.985125,0.010993687270290018,False,False,
fine,109,0.06,0.15,0.79,0.048304214812129355,0.98525,0.01124835666327344,False,False,
fine,110,0.06,0.13,0.81,0.048308445951776746,0.985125,0.010977286600181234,False,False,
fine,111,0.06,0.16,0.78,0.04832213629382204,0.98525,0.011589452000344433,False,False,
fine,112,0.06,0.12,0.8200000000000001,0.04833266187240063,0.985,0.010698068200209807,False,False,
fine,113,0.06,0.17,0.77,0.048352253160605076,0.985375,0.012257954004152598,False,False,
fine,114,0.06,0.11,0.8300000000000001,0.048373254648251915,0.985,0.010331532468328106,False,False,
fine,115,0.05,0.23,0.72,0.048376628579992496,0.9865,0.01420498126237878,False,False,
fine,116,0.06,0.18,0.76,0.04839382206669627,0.985625,0.012846592142036935,False,False,
fine,117,0.06,0.1,0.84,0.048431713185013395,0.984875,0.009962892790634281,False,False,
fine,118,0.06,0.19,0.75,0.04844618356668336,0.985875,0.01345769679390397,False,False,
fine,119,0.05,0.24,0.71,0.04846626230304961,0.986625,0.014594240860045276,False,False,
fine,120,0.06,0.2,0.74,0.04850874980357722,0.986125,0.014089295342635201,False,False,
fine,121,0.0,0.1,0.9,0.04853297088516448,0.984,0.004582888866747797,False,False,
fine,122,0.05,0.25,0.7000000000000001,0.04856432974475529,0.986625,0.01493298957205597,False,False,
fine,123,0.06,0.21,0.73,0.04858099444507066,0.986375,0.014395668228652856,False,False,
fine,124,0.07,0.13,0.8,0.04859584335690077,0.985125,0.011466814238028058,False,False,
fine,125,0.07,0.14,0.79,0.04860122935947441,0.98525,0.011572159281937815,False,False,
fine,126,0.07,0.12,0.81,0.04860447834216737,0.985125,0.011350373101597954,False,False,
fine,127,0.07,0.15,0.78,0.04861966120706108,0.98525,0.011938086962516012,False,False,
fine,128,0.07,0.11,0.8200000000000001,0.04862825706857023,0.985125,0.011107539580286142,False,False,
fine,129,0.07,0.16,0.77,0.04865028573291899,0.985375,0.012832099887956173,False,False,
fine,130,0.06,0.22,0.72,0.04866244438386435,0.98675,0.014934536229067276,False,False,
fine,131,0.07,0.1,0.8300000000000001,0.04866848315339472,0.985,0.010639258305147265,False,False,
fine,132,0.07,0.17,0.76,0.04869235165986171,0.985625,0.01324637617261851,False,False,
fine,133,0.07,0.18,0.75,0.04874519363782494,0.985875,0.013931151560001027,False,False,
fine,134,0.06,0.23,0.71,0.048752672837309004,0.98675,0.015198939534297164,False,False,
fine,135,0.07,0.19,0.74,0.04880821940191964,0.98625,0.014438382379534022,False,False,
fine,136,0.06,0.24,0.7000000000000001,0.04885129356801432,0.98675,0.015538665167091494,False,False,
fine,137,0.07,0.2,0.73,0.04888089932819484,0.9865,0.014999806847988267,False,False,
fine,138,0.08,0.12,0.8,0.04890667600164531,0.985125,0.011814620831738341,False,False,
fine,139,0.08,0.13,0.79,0.04891223388008015,0.98525,0.01201937669852211,False,False,
fine,140,0.08,0.11,0.81,0.04891519897484631,0.985125,0.011697925055280254,False,False,
fine,141,0.08,0.14,0.78,0.04893087631697412,0.98525,0.012511583572458285,False,False,
fine,142,0.08,0.1,0.8200000000000001,0.0489389545413274,0.985125,0.011455278377723062,False,False,
fine,143,0.08,0.15,0.77,0.04896173447223445,0.985375,0.013081123078650291,False,False,
fine,144,0.07,0.21,0.72,0.04896275785681914,0.98675,0.015413782295291232,False,False,
fine,145,0.08,0.16,0.76,0.049004045304644125,0.98575,0.013720533109366674,False,False,
fine,146,0.07,0.22,0.71,0.049053366387267566,0.98675,0.015678183471437172,False,False,
fine,147,0.08,0.17,0.75,0.04905713454096489,0.986,0.01445592707548575,False,False,
fine,148,0.08,0.18,0.74,0.049120403089229096,0.98625,0.014911883924032216,False,False,
fine,149,0.07,0.23,0.7000000000000001,0.04915233734638224,0.98675,0.01598051587836329,False,False,
fine,150,0.08,0.19,0.73,0.049193316065154175,0.9865,0.015591509283361255,False,False,
fine,151,0.09,0.11,0.8,0.04923009523283579,0.985125,0.01253622862623121,False,False,
fine,152,0.09,0.12,0.79,0.049235515868191526,0.98525,0.012642497386599772,False,False,
fine,153,0.09,0.1,0.81,0.04923885658163288,0.985125,0.01225432443077975,False,False,
fine,154,0.09,0.13,0.78,0.04925409276245883,0.98525,0.01313512081645,False,False,
fine,155,0.08,0.2,0.72,0.049275393832622014,0.98675,0.015893028361512844,False,False,
fine,156,0.09,0.14,0.77,0.04928493536738174,0.9855,0.01367945106953336,False,False,
fine,157,0.09,0.15,0.76,0.049327264360887677,0.98575,0.014219614687145077,False,False,
fine,158,0.08,0.21,0.71,0.04936620461798989,0.98675,0.016123900028635903,False,False,
fine,159,0.09,0.16,0.75,0.04938039308652853,0.986,0.014830171467564775,False,False,
fine,160,0.09,0.17,0.74,0.04944371292055958,0.986375,0.015586528253527876,False,False,
fine,161,0.08,0.22,0.7000000000000001,0.04946535836926248,0.98675,0.016461380432349897,False,False,
fine,162,0.09,0.18,0.73,0.04951668156625331,0.9865,0.016214453364480654,False,False,
fine,163,0.1,0.1,0.8,0.04956486959039521,0.985,0.013130621317331113,False,False,
fine,164,0.1,0.11,0.79,0.04956984783549593,0.98525,0.013349715609438524,False,False,
fine,165,0.1,0.12,0.78,0.0495880917660925,0.98525,0.013805188520345431,False,False,
fine,166,0.09,0.19,0.72,0.04959881357179611,0.98675,0.016267284178906723,False,False,
fine,167,0.1,0.13,0.77,0.04961868133476297,0.9855,0.014050371774127917,False,False,
fine,168,0.1,0.14,0.76,0.04966081529481653,0.98575,0.014566901320615375,False,False,
fine,169,0.09,0.2,0.71,0.04968967256502022,0.98675,0.01660476458261707,False,False,
fine,170,0.1,0.15,0.75,0.049713790408083394,0.986125,0.015553991422083531,False,False,
fine,171,0.1,0.16,0.74,0.04977698532255009,0.986375,0.016061522708762706,False,False,
fine,172,0.09,0.21,0.7000000000000001,0.04978886483258965,0.98675,0.016942244986335758,False,False,
fine,173,0.1,0.17,0.73,0.04984984784559055,0.9865,0.016514808369515813,False,False,
fine,174,0.1,0.18,0.72,0.049931884745463964,0.98675,0.01703819349067103,False,False,
fine,175,0.1,0.19,0.71,0.05002265347317973,0.98675,0.017085629136606745,False,False,
fine,176,0.1,0.2,0.7000000000000001,0.050121755367959604,0.986875,0.01754768579725079,False,False,
